INSERT INTO tbl_role (role_id,role_name) VALUES (1,'USER'),(2,'ADMIN');

 INSERT INTO tbl_menu (menu_id,menu_icon,menu_name,menu_url,menu_on_click) VALUES (1,'fa fa-link','Home','/',NULL);
 INSERT INTO tbl_menu (menu_id,menu_icon,menu_name,menu_url,menu_on_click) VALUES(2,'fa fa-link','Application User','#',NULL);
 INSERT INTO tbl_menu (menu_id,menu_icon,menu_name,menu_url,menu_on_click) VALUES (3,'fa fa-link','Monitoring','#',NULL);
 INSERT INTO tbl_menu (menu_id,menu_icon,menu_name,menu_url,menu_on_click) VALUES (4,'fa fa-link','Vote','/vote','onclick=return confirm(\'This Link is Under Construction\')');
 INSERT INTO tbl_menu (menu_id,menu_icon,menu_name,menu_url,menu_on_click) VALUES (5,'fa fa-link','Election','#',NULL);

INSERT INTO tbl_sub_menu (sub_menu_id,sub_menu_icon,sub_menu_name,sub_menu_on_click,sub_menu_url,menu_id) VALUES (1,'fa fa-link','Voter Request',NULL,'/voterrequest',4);
 INSERT INTO tbl_sub_menu (sub_menu_id,sub_menu_icon,sub_menu_name,sub_menu_on_click,sub_menu_url,menu_id) VALUES (2,'fa fa-link','Dashbord',NULL,'/',1);
 INSERT INTO tbl_sub_menu (sub_menu_id,sub_menu_icon,sub_menu_name,sub_menu_on_click,sub_menu_url,menu_id) VALUES (3,'fa fa-link','Profile',NULL,'/profile',1);
 INSERT INTO tbl_sub_menu (sub_menu_id,sub_menu_icon,sub_menu_name,sub_menu_on_click,sub_menu_url,menu_id) VALUES (5,'fa fa-link','New Election ',NULL,'/newelection',5);
 INSERT INTO tbl_sub_menu (sub_menu_id,sub_menu_icon,sub_menu_name,sub_menu_on_click,sub_menu_url,menu_id) VALUES (7,'fa fa-link','Request',NULL,'/allNewUserRequest',2);
 INSERT INTO tbl_sub_menu (sub_menu_id,sub_menu_icon,sub_menu_name,sub_menu_on_click,sub_menu_url,menu_id) VALUES (9,'fa fa-link','System Log',NULL,'/syslog',3);
 INSERT INTO tbl_sub_menu (sub_menu_id,sub_menu_icon,sub_menu_name,sub_menu_on_click,sub_menu_url,menu_id) VALUES(11,'fa fa-link','Candidet',NULL,'/nomination',4);
 INSERT INTO tbl_sub_menu (sub_menu_id,sub_menu_icon,sub_menu_name,sub_menu_on_click,sub_menu_url,menu_id) VALUES (12,'fa fa-link','Notification',NULL,'/all_notification',1);

INSERT INTO role_menu (role_id,menu_id) VALUES (1,1),(2,2),(2,3),(1,4),(2,5);

INSERT INTO tbl_use (id,bid,creation_date,dob,full_name,is_active,pass_word_update_date,password,phone,token,user_name) VALUES (1,NULL,'2019-11-15','10/29/2019','Not Registered',1,'2019-11-15','$2a$10$/djCQ9zDa6VmxbjAZx91De3yVvp0o0cAJx6OcGrpIfiJWaNK2KLw.','01555555551',NULL,'mdistiaque56@yahoo.com');


INSERT INTO user_role (id,role_id) VALUES (2,1),(1,2),(1,1);

INSERT INTO tbl_notification_template (id,message,message_summary,note_key) VALUES  (1,'Mr. :PARAM0 need your approval for complete his nomination process for :PARAM1 ( :PARAM2 ).','Candidate need your Support','supporter inform');
INSERT INTO tbl_notification_template (id,message,message_summary,note_key) VALUES  (2,'Mr. :PARAM0 your nomination form submitted (:PARAM1, :PARAM2). Now wait for approval from your supporter.','Nomination wait for approval',NULL);
INSERT INTO tbl_notification_template (id,message,message_summary,note_key) VALUES (3,'You create new election schedule for :PARAM0 for :PARAM1, Validity date :PARAM2','You create election schedule',NULL);
INSERT INTO tbl_notification_template (id,message,message_summary,note_key) VALUES (4,'Request for enlisted into new voter list of :PARAM0, :PARAM1 is accpted. Your Voter No. :PARAM2.','Voter Request Accpted',NULL);
INSERT INTO tbl_notification_template (id,message,message_summary,note_key) VALUES (5,'EVS Reject your request for :PARAM0, :PARAM1. Due to duplicate voter regestration attamp. Your current voter No. :PARAM2.','Voter Request Rejected',NULL);
INSERT INTO tbl_notification_template (id,message,message_summary,note_key) VALUES (6,'EVS reject yoir nominatiion Request for :PARAM0, :PARAM1. Due to use Own ID use as Supporter ID.','Nomination Rejected',NULL);
INSERT INTO tbl_notification_template (id,message,message_summary,note_key) VALUES (7,'EVS reject yoir nominatiion Request for :PARAM0, :PARAM1. Due to using Invalid Supporter ID (:PARAM2).','Nomination Rejected',NULL);

INSERT INTO tbl_profile (profile_id,father_name,mother_name,permanent_address,photo_id,present_address,profile_photo,sing,user_id) VALUES  (1,'','','',NULL,'','data:image/jpeg;base64,/9j/4AAQSkZJRgABAQEAYABgAAD//gA8Q1JFQVRPUjogZ2QtanBlZyB2MS4wICh1c2luZyBJSkcgSlBFRyB2NjIpLCBxdWFsaXR5ID0gNzUKAP/bAEMAAgEBAgEBAgICAgICAgIDBQMDAwMDBgQEAwUHBgcHBwYHBwgJCwkICAoIBwcKDQoKCwwMDAwHCQ4PDQwOCwwMDP/bAEMBAgICAwMDBgMDBgwIBwgMDAwMDAwMDAwMDAwMDAwMDAwMDAwMDAwMDAwMDAwMDAwMDAwMDAwMDAwMDAwMDAwMDP/AABEIASwBLAMBIgACEQEDEQH/xAAfAAABBQEBAQEBAQAAAAAAAAAAAQIDBAUGBwgJCgv/xAC1EAACAQMDAgQDBQUEBAAAAX0BAgMABBEFEiExQQYTUWEHInEUMoGRoQgjQrHBFVLR8CQzYnKCCQoWFxgZGiUmJygpKjQ1Njc4OTpDREVGR0hJSlNUVVZXWFlaY2RlZmdoaWpzdHV2d3h5eoOEhYaHiImKkpOUlZaXmJmaoqOkpaanqKmqsrO0tba3uLm6wsPExcbHyMnK0tPU1dbX2Nna4eLj5OXm5+jp6vHy8/T19vf4+fr/xAAfAQADAQEBAQEBAQEBAAAAAAAAAQIDBAUGBwgJCgv/xAC1EQACAQIEBAMEBwUEBAABAncAAQIDEQQFITEGEkFRB2FxEyIygQgUQpGhscEJIzNS8BVictEKFiQ04SXxFxgZGiYnKCkqNTY3ODk6Q0RFRkdISUpTVFVWV1hZWmNkZWZnaGlqc3R1dnd4eXqCg4SFhoeIiYqSk5SVlpeYmZqio6Slpqeoqaqys7S1tre4ubrCw8TFxsfIycrS09TV1tfY2dri4+Tl5ufo6ery8/T19vf4+fr/2gAMAwEAAhEDEQA/APGPjBodmPixqf7k/cj9f+eae9YA0KzbpC36/wCNdX8Yyx+Kup4P8EXb/pmlc8gfJ+Yj8K/0Gws1Y/nJ7FY6BZjrbbvc7v8AGj/hH7P/AJ9F/Nv8atEkHklj65pDjH8f/fdaqceYykVjoFmP+XVfzP8AjSf2DZf8+qfm3+NWVY54WQf8Cp25vR/++qtySCJU/sGy/wCfVPzb/Gl/sGy/59U/Nv8AGrW4+j/99UAkn+Mf8Cpc6KKv9g2R/wCXVfzb/Gmt4etGPFop/wCBH/GrjkoB98/8CpN4YnIf/vqsZVJyly9Abk9Cl/wj9mP+XVR+J/xpzaFZlf8AUnn6/wCNW93H8Q/4FTWdkkCscM3TjNaOfu2QvZRirsqHQLMjmAkd+v8AjSL4fsowXW3Kx9uD/jV8xSKwG4H1GKr6/q1p4d0try/vBb2i9ih55A+vf0rnqYqNKDnUdkjajBylyxIF8NabOWljgeRQM7mX/A1heKtZ8PeEJj9tuLWPZyVEw3DB929jXhnxu/bskvBJYeGYURAuPOBClc+nyg8V81+K/HuueLb+Z7/V7ucSuXKG4fC5JPQtjvivzLiHxOpYSThQvJn2eB4MrYmKnWdj7D8bftb+BPD24Qg3sqn7qFWJ/KQV5/4i/bvsnuidO0MbSOPM3K//AKGa+Z7m2aNFdOc8kufMx+dRpJOboOsiOSMD93tA9utfmWP8T80rS92VkfV4fg7BU42mrtHv2pfts6nd2R8vT7eE8kAu/wD9euTg/ax8U3szyAwwhTjaGPzZ/CvNZ0mdP3jKMdlXNMs5WE6gq+xc5baQBXzmN4zzWrZqZ6mHyLARVnA9Z039qvxLot4s81t58eScgEjp7Y/nX0B8Hf2mvDfj8SR6hDHp9yE4eUbN53Z/ieviy61adHCRyLJGOnydKnge5Qg/aJgg5HlO0RH5V7GTeIeZYTWpK5hjeFMDiE+VWP0j06LR9VtxNbXNhIrdP3wJP4AmrK+HLK6be1sSqjhhkr37/nX516b4x1nR8SWmuarEVHC/a5cfowr0HwD+2T4y8Hzx+c0urWqDEkbSspccj7x3Y6+hr9GyvxbhNpYhfM+MxvAsovmos+04/D9l5u4QpjPuf61LceHrFsD7MrH1y3+NeZ/CD9rfQ/iOEtb1Dp95IQu1iSCe3zbQDkDOa9UmkS1t1lRjJDORsaNt4AIzzjNfqOWZ5QzCmp0J7nyGOwFTCy5akSkPDtmBkWq4Pu3+NKPDtp/z6Jj/AHj/AI1cSQmMckj1DZFIXDHIDn33Yr1adVxn7x5/sozeuhVHhy1Bz9jHHu3+ND6BZ4/49F/Nv8at4X+6f++jS7ue/wD31Wkp2m5RKty6RKQ8PWh/5dF/76P+NH/CO2n/AD5r/wB9H/GrhOeu/wD76owP9v8A77pKo3rICt/wj1n/AM+qf99H/Gj/AIR6z/59U/76P+NWcD/b/wC+qMD/AG/++qfOgKjeHbTd/wAei/m3+NIPD1oD/wAei/m3+NXML/00/wC+/wD61BbaOh/76NYykrgVW0GzA/49gv0z/jXtnwS0WzX4X6T+5P8Aq26Z/vH3rxxmLAYJX8c17Z8E3cfC/SfnP+rY8cfxtXnZh0N8D1PNvi2c/FnVPZIv/RaVht938a3Pi7n/AIW3qfukf/otKw36D2rfCN9jN7DCoY80mwDml70dap3voZyDOGGO9LuPqaQ8kUtbXa3CIbj6mgsT3zRRUjE6UhUE80uB6CjGKI03zXuVHcjJwSc9OlPWF41BUbmfp3oeYRKWzgJzn0rD+Ifjy0+GXg+61C6k81/KcIhIUsdhIGcH3rnxGKjhISrVHojelhfrFRQW5V+JfxR0v4QaL9v1K6/fsoMaLjOSDgcsOpAr4q+PX7TGs/GS+Y+ZJaWpIyjdBgAdMnuPWsj4yfFy7+KXiye7u53kthI3lwg5A5JU9BXJ3CC7Te3L9dvT9a/nPjDjevi6jp4edkj9UyLhqjRj7SqtRLWRUXEbeZnvUGoad5r7vLT1yau6Tp5AyqkH+7jdmu18C/s4eJ/inL/oNk7xSsACSe4BGBkf3h+dflMptz56kj7ujhatRKFOOh59b2s3lbVESgjODUEge2Ta/loO+D1r7a+EP/BJ6+1axhn1S7nhlYAmPyc8EMDzv+leyeHv+CRWmSW8QuDI/OPutz/4/XDXzOhF2TPfwvCmMqJOMT8xdPkEoyJTx0+bBqzvvLxxHHIu0di3Jr9fPC//AASj8KaRbrnTzMxUc7j1/wC+q0H/AOCWnha6vY5GsfK29sk5/wDHq5/7eprRHp/6lYj7R+P9t4S1C7kJS1kk3egyDWhqWi3en6epuIWizwAc1+0nh39g/wAJ+HbcQvpcUgAxkhsn/wAerjvid+wT4c1izdIdORQgJztbj/x6ms9o7j/1PxSTsj8eIYYI7ds3AVz/AAmmWF7d28xMTBlz0B/Wvs79on9hbSdAe6ayd/NXzMIY2A6v6tXyP4t+Hl94N1Z7aTiENkn0weONxPU11wxVLEr3XqeDjsnrYPSqtPQp+Z5LrcRymO5jO4FeufX9TXuH7On7YeoeCL2HTtW8ya0lZY2YkHau5Vzyw6A14Rq0S2USBGCtu570QMsiL5jGQ9cD5SfxFfU5JxFictnHlk7ep8lmGX0cTFpw3P0n8NeILLx3owu9InEy8EZUDOR7E+lW7eWSQbSgDDg46V8P/BH47Xfwp1eGIyvLazcMhPQdMc59TX25a6vB4osor+wkDCVm3YP3cEj29K/pvg/iynmtFqT1Px/iDIpYKWq0JgPm5Hf1p4QHsfzoPzD1zSImG5r7FRbV7njSjFQ5kxfLHv8AnQEB/wD10jplumeKcowo+lJNrcwE8se/50eWPf8AOnUyQZIquYBfLHv+dDIAOn60zA9BShehxxUgDgKgI4OR/Ovavgn/AMkv0n/rm3/obV4pMMw17Z8Fjn4Z6WfVXP8A5EauLH9DfAdTzf4u/wDJWdS/3I//AEWlYLnCit74uf8AJWtS/wByP/0WlYMn3B9K7MLqjNje9BPy0tJ/B+FVb3jKQtFFFaTWoRCiiip5UUFNY4NKeBUTTbbSRjy2QFPoaHFvRDV+g8zR24LzY8pPvZ7ivjb9s344P441tdMsnJtLdlDBDxwHXtX0z8fPGaeAPhjcXLuFupEbaR1G0qc46V8B6hqlzq+o3V20rOJCQcgHOCT/AFNfjPiLns8PSlh4M+74TytzqqpIxofLW5WMDO0YY46n1q5a6dJdPmLJY9sUlvaq17+6TBZc+pJr3n9l39lfU/ihex3k0MiWhDHbhhx8w6geq5r+ccZi3Bc73Z+yZTllTEVVCC0LP7Ln7J+ofErVle5gVoXxgkhscgHjnPX0r9Lf2b/2X9M8J6JbeTbwI8apnEKg5Cp/s+1J+z38CrXwfpyRQ2aggsDhm/vj39h+VfR3gvwYtlHEqRBFI5UE+g/wr4rMM4k3ZH7blHDtLDUeeqilofw2itrKIEAMuDwNv9K6uDwjHHCmWVck966bStCSK0QbR0z9407UrB+meFOQK8V49vdntU/Zp8tMzbPwun2fIlUECqN5okkT7g6kJ6mt6wuDEh3qTjjrVPW3S4kUBdo5z8x56VhUxlldGnKjn7nR5J3ypDY75pk/hzz7AgRB1YHcSM5rotJt08pgFGKmKxqrKF+UDpk1z08bedmUtz5v/aB+CWkeJdLuGjtUSd1YkhR33H09/wBK/P34/fsfJFNd3ELM86Fiink9V7Y9q/W/xLolvPaSZiUgqepPpXzj8Y/hQ9/c3EkMa7cHKnPOdtexhMzdOas9DLG5NRxVNt6s/Fz4q+A7jw1rLxSx7QnY8Hpmuat4kUrk9K+tv20vgZd6Jq0919iby8Z3Ddj7ij+Zr5T17R/7PbK7lZWwQecV99l+MhXVmfhme5ZPC15RtZEFxdKd+AWbouOSOOv8q+wv2K/iTH4i8NPpE9x5c7ZVS7c5aRmz+VfG1mhUly+DnrjrXf8A7P3jI+FPidYyJI6o0oL4/i+Q1+k8D5zLCY5U3sz874ny+OIoXsfoDjZkDkDihetR2M63VvG4+7JCjL7EinCN4V+c5JYdq/q3C1faUVPoz8QqRkpuPRCs+04xSg5APrSTgLMR24pu/A4NbcqJJKRl3Ec4paa5IIwcUcqATyz6j8qUjCY9KbuPqadnMf4VDAbJ/qh9R/Ovavgn/wAkw0r/AHG/9DavFZP9UPqP517V8E/+SYaV/uN/6G1cWP6G2A6nnHxc/wCStal/uR/+i0rBk+4PpW98XP8AkrWpf7kf/otKwZPuD6V2YTYhiUn8H4UtJ/B+FV9oykLRRRWstwiFFFFSUIzbce5xQ1p5w2ehyfwoxux+ntSQyFbqRueM859qHLlTZNmqiPmb/goD42dF0zT1kwrPMsi9xlISD+OK+W4Ji8GQN2WPHevY/wBtjWX1j4qTJGQTGQSOu3MUZ/pXk2g6Cb6/t7WPEkt1IqEDnG4hc/r+lfyVx9jnWzCab0R+58NYaSw8FFas6X4O+BT8QvGNvaxJIQCQ2FyO3XPHcV+tP7MPwKt/CXhWBDboGO4nai5++/p9a8F/4J1/seQ22nx6peQOvmrvG7GOVQ+lfoj4a+GcWlw7IR6jgdOTX4tnmNlKSilof0LwvlHsaanU6lXSNASwjiitQpcng4xj8TXc6IssaIGGSBzUNj4d2x7dhBPtW1YaVNHOvlkRhRzz1r43GM+7qSi6drm5pRYxYJ2A8YqxcW+yPDZ/LrT9Hi+13MaOrMemeua63/hDJHTdtJHpRRoTmtDy1WUZNHGRW0ZT7rflVDV7RZZ12ds9/pXZajof2UMAhzjAqlaeGknTfOjbs/LxRUwkmtwlirOyOZsbELGcg/lVTU4+V2nkc59K9JtPA0N7agBCfcAVyvibwq1iDsAXPAzXL9Qn0Z0YfEKUrXOA13VgpZMjOME1w/iDRDe2rschD6c13Os+Eri8uGJCgE560+DwUFs2jkK8rng1Mfaxly2+Z7UXCK3PmP45/s0w/E3wvdIUWSZomClgOeFHf3Br8t/2ov2cNa+Dvie98y1P2RpCVYbTxmU9mPYGv3RTwgmoW8kfPAwPzr55/aw/Z3tvFGg3aXdsJC6Ha5QdfLk9v9r9K+tyzGVKUk2j5XPMnpYyEmlZn4cTWzmCYLuABHWpNE1M6LeQzEjKkn17V6l+058HJfhn4ukgijaONiRkjgcqK8iv7X7DbkvyWGSAa/ScsxNq0akeh+A59gZU+ahI/SX4QeKE8Z/Du0vIyC0a+WdoOPlVf8R+ddB5DXCRux4Az1r58/YI8az6l4GnsG/gkkbbz0/drX0EluZ1Khs+Xkelf2LwvivrOXwnLdH895vR+r4mUH1JFcDI/LinA5FQxNvQH2xUqfcH0r6E8wWmuCSMDNOooAjoC9Dj3zQ33zTv+WQ+lQwGyf6ofUfzr2r4J/8AJMNK/wBxv/Q2rxWT/VD6j+de1fBP/kmGlf7jf+htXDj+htgOp5x8XP8AkrWpf7kf/otKwZPuj6Vu/F8Z+LGpf7kf/otKwCu1emOK7MJsQxaT+D8KWk/g/Cq+0ZSFooorWW4RCiiipKEBwV5wo5Y+1Ot1XdKxOBKpZfpjrTSPlb1KkCor65Om6JNMPvxxtx/wE1y4yoo0JSb6G0I81WLPhT9pa6jk+LepSSMVDmMLxu58tfT6V137B/wX/wCFjeP7a7ljElusqEbjj7syYOPxNeMfFXXZvEXjbUnc4+7t/wC+FFfeX/BMnwwL/wAM+eYgMF2L+o8yM5r+NuL5Rq42pO/U/pTg6k3CnGx9/fADwfYeG9BtLSMJFEqooOR2VeP5V7TceL9H8Iac15qF3a28Ixgsyk9cHjNfBnx08Y/EHRrqO28Kxh2AChsP8pycfddexrgE+AXx9+NcwbWNbu4rZsHZCZFQdhncW9K/Op4aEpc03ZH7YsXVhGMII/QPRf2y/hvNqwWbXoEQNghoiKq+LP2yPhjBK8yeLrFIkcj7rA8duM18I69/wSl8SeILApJr8unykcyB8OPfPl15F47/AOCPvjTTllFn4iW95z5czM3mfgIxmksNhZ7nDicTi0/gZ+rngj9vn4XXciRWviqwnmzgcY5/GvbPA37QWgeMok+y6rbTqxGGTnufavwC0z/gnd448Ka0rTaekRjJzLGhXop9a+z/ANk9ta+HGj2dndXEzzQMS2T6uzY/IiuHGzw2HjeEkd2Ep1q3xxaP1N1HVbXUGDwyo3f0zVaXW7eKPMjL8nHGK8P+Gfi2/wBQgjMm9squTkdq7HVoLqbTXuLV3iKEkjPPQ46e9eT7aE/eR1fVUnZncah8WdL8Kzxxz3McZlPyggknjPpXmnx7/a+8DfDfSoZNY1i0g8xwBsBb+DPYV82/GjXvGU+tSMxk8pWXGM56D39a+MP2hv2ZPF3xmv1d7u7kDFQsbn5U+U9OK6KVegmoyFVw9SnH2tNXsfe1j/wU9+EAvmD+IoeDjiKQn8PlrvfDH7Z/wy8eac9xpWtWk8gAISTdGeeB94c9Owr8mvh//wAEafF/iq4a4e/trWN23bypDfmIzXoPh3/gjh418FXUd9pPjKRLmE5AWQgE9Mf6odQW717FKjhXG7POjj8wk7SpH6VaN8evDHiKZrdryK2lY7FYxsFz25wO1cp8UbqzvtNcQ3cF0rrkEYI5VsV8oa78DfiT4E8Hi2vY/t0kSuRIA5ycg55I6D0rzPTviT8VPDF5Nb3emKlkuRueKQ4GcdpfSoqU6Ul+76Hs0cXNL94mUf8AgoX8GbbxJ4fN7bRILro3Uc7gf6V+b+osbC5aGTkJgY/Cv1X1bVH8feBZku4l85WXnBz79z6DvX5h/FzS28PeK5oCu0hUGPT5FNfRZBNupyyZ+Z8Y0acW5xPpH/gnrKklhfHaPkWRzx/tRV9Kzt5Fs0sQwXfnv1r5/wD2BPA7aZ4Pur5iWFwZI/YjMRFfQc8oEAiAxg5Ff2dwVSmsui2fytxNVpyxOhGPpjHH61In3B9KST5pCQMggU0oSPu19gfOklFFNkXcRxmgBSgJzQwwtM2H+7TiMR/hUMBsn+qH1H869q+Cf/JMNK/3G/8AQ2rxWT/VD6j+de1fBP8A5JhpX+43/obVw4/obYDqecfFz/krWpf7kf8A6LSsGT7g+lb3xc/5K1qX+5H/AOi0rBk+4PpXZhNiGJSfwfhS0n8H4VX2jKQtFFFay3CIUjdKWgnAqUVewxwcAj+Hn61U1yN7/Qpwo27kYbRzn5TV0cHHY0tmoa8CscJsZSD9K5MVho1cPNPc2o1Fzo/NH4n6fLpviTVFkTy5FxjPU/KOK/TL/gmbpMqfCoOkIyUZs+udnH6V8Kftp+H4tI+Jt8kITapViAPWFMfzNfpb/wAEwdGUfCO3UqCGjwPphK/i/jGl9XxVSHVs/qPgCcZQg2ep65qj+HdGkvPs6uyABk25JB/Cvjf4+/8ABSPxBoGr3OjaOiaPEhUK2Vd2+UMeGT1Jr9JtZ+CkXivSGjf/AJaAA/LyP0r5I+N3/BJqw8Y+Iri5tLa6uJd2Q4aPAygB68+1fm+Frx9o1iHofslanVeuH3PmTxd8Wfid8P8A4f8A/CT6r4a1C60072a5llmgQbRk/wDLPb+deYW/7cmteL9YtIG0r7W15JHHHGt7ICd7KFICrk/er7z+J/wy18/B5vBeq2X2vTg0gIUgNh8A8knr7Cvmb4ZfsVaV4U+IMGp/2HqV3fWFys1tG1zCUQo6snylRwCo4r11iMvUkjyJYHPJVLuasv67HWeGfGfjf4QwaZr2r6FrtjpuoKJIxNYzLGQTswHZBkZYc19geALu28c6FDrEEBRpgckIOikr6e1cXrXwk8cftVadpmh+IQND0PTI/KgSE7G2giUHIZu8YHT+Kvd/DXwSPwg+H8Gl2ZkmhgViJJX3u25t2OQPWvl+IYYSUb0dD6vLKtaC5K7TZ6t8BLJboohYksduPLHHzCvUfGug2+nadIygsUyOV2jv/hXl3wakudJu4du1maQbh1x8wr1X4pajIfD/AEAd+eBju2e5rz8FTi6DluY11J1rLY+Wfiyt1quuNHAm6NyuQFHHA9q+M/2pPj3qvh7XYPD2hWclzqt3IIVihiLtISrAcBSeceh61946YFvLt2kQNI2OT24FfNvxX/Y7nX4pWXjHT3H22wlimjQ92QFsEY55NPKYU5Vm670NsRKah7OnufBvxZ+Ofjf4F6hFBrmiala3F6gnj+0GW1QhiyryUxyRWN8KP2xfH3jTxt/Y2k6PNqlzKzeXDZ3LzmTClyQVjOMKM4r65/bQ8OD9oTR7O38TeH/s81jBFbRSQmNTtVnKkn588sepzz7V59+xp8I9N/Z41p9R0fQmn1JVQRXV08cojXy5FbsDyGPT1r7SNfLIx5X+p8jLD53Ko+SaSPP779v7xn8GPFAsddgudylf3E0Xl4JBY5LJn7pHWvfPhH+1fp3xt8O+fdwRJNINvlL9FOc7R13Y6dq5/wCM/wCxRN+0V42OsajHHADtJSNNvRAnTnsB/wDrrv8A9nP9gb/hCdRSOPDQrzzjOAyj09hXkYmthb/ume5ltDGt8uLaZc0/w8Li5kSKzEUU3OwDIFfl/wDtn6Cvh/4wzwMNgGwn5cf8sUP9a/bbxH8LIfBUYfaBlSSTj1NfjV/wUDxefGW5K4IITt/0wir2uH5Pnv1Z8VxrQSpNo6/9h744+XaL4XltkVllMomEnLBjGuNuPxzn8K+o4D5l06FegJDevJ/wr5J/YO+Ebanfz61OxjWNiAf914jX1qsnlTuw+6dyrX9o8CyxKwCVR6H8l8URorE+7uIk25c4/Wng5APrUMBzED61Mn3B9K+5TPmRaKKbI20jnFUAF8EjHT3oJymfWm5z707/AJZD6VDAbJ/qh9R/Ovavgn/yTDSv9xv/AENq8Vk/1Q+o/nXtXwT/AOSYaV/uN/6G1cOP6G2A6nnHxc/5K1qX+5H/AOi0rBk+4PpW98XP+Stal/uR/wDotKwZPuD6V2YTYhiUn8H4UtJ/B+FV9oykLRRRWstwiFB6UUGpZVrjWJyMfjQZVt5Q2NwAxQ0ojHIBJ4phPlsN3OealaPUpRUGpdj59/a5/Z/uvG0d7r9sDCkaF5sD/WLtRR1B6Yr7i/4Jd2jDwFZW5bDRSFWPsrR5rwzxzp0+ueDb+zgwftEe0Lgdd4/wr27/AIJH6is2j3ttdupmhmnABPP+tQDiv5l8XshVGr9YS6n7/wCFGYOrJU30/I/QTw9ogtre2j2LIHQHGfYCt4eGNwbEQYnpWfoMxhubYoA0YQZJ/hruNN1eMZyqEDtmv5zrU4rdH9H+05FdHF33gCG5tjHNH+7I5BZuawbr4W20TeWkA2ZyMM3WvUtTUagp2EZ/OoEsNyqCBkd6z+rwk+e2w44qbepxVp4TSysxujXCAbRk8fnXCfFrUHivDEJmVZBtbnhhtGBXrXi8tYWB2k5I9PcD+tfOPxT1mfWPFRtFEhdCDkdOVH+FefmVJSp2hoelgVFz5mdd4F1VdN1G32sANykn05r1HxXfx6hogZW3vsbdz0+9/iK81+H3w+luUg3sdzhSCFP5V6nJ8OLjTdGZZGd2lGQNuf5muXCUKkaVrl4zEUoTSseCwXw0nxKfOxgt82f90CvUNA8NLq8SzIVTHINch8W/h42mQNdKrbgMkbNvoOv41ufB3xgJtPa3kbPlZIyw9cVlTpzpSuyq0VOF4mh4i+F8GpuWmIkOMck/0rHsvglp0JZY4AC/J+Zq9IF9DdLjjcR61LZxQpLz1x0rvgoTd2jmhVdLU4m2+FUBQoFG0nn5jVmTwQnh6IhG2gjJAPNd3C9taEtxWB4l1KG4mOzb04HrXRHDwS5rHJOo3K6PB/jzcxx6Yp5LqmDk96/Ef9o34cX/AMbPj3Na6ZySYlBX18hfY+npX7M/tl6//YPg2WYLHGzFRjd93Jx1xX5g/s8+HRqfia78RySsOInUYJB4K8EH2r9V8NcjePxkU1oflXihm7wuFWup2HwV+GEXwp8CLZkKXZWJCk/ebZn+Rrqpom/s9f5U4yiQDcdw6gYqTy3mTcmAFGQK/tPLsvjhqahHZH8i4vFPEVnJjMFTgjB4p6fcH0pu5rn94w2s3UdacBgAeldf2mZC0hYL1paRl3Ec4pgMJyxNO/5ZD6Unln1H5UpGEx6VDAbJ/qh9R/Ovavgn/wAkw0r/AHG/9DavFZP9UPqP517V8E/+SYaV/uN/6G1cOP6G2A6nnHxZO74r6nnskf8A6LSsGT7g+lb3xc5+LOpeyR/+i0rBk+4PpXZhNiGJSfwfhS0n8H4VX2jKQtFFFay3CIUUUVJVriFQw5FIUHpS96D1o5OaIpQSJLG2F7eRwySeSjN8zegx/Wu+/Ys8NL8L/jGYUvw/24RqcNx88yE8Y75rzqaMvFj35rt/2er1LH4j2M0i7ZIniAw2eRKn+Br818Tsr+uZXKrFao/RfDXNPq2aRUno9D9HtGu5bXTdrN5mWHOc1v2GsCKLByDivPPCXij7dp1uBn5lBOa6RrkToChDfhiv4bzCq4ScezP7LwrjUgpM6vSvECxy9SFB5zVi98SES/JJ+RxXHRNIqE56VWu7sxvu3ybgemOPwrzKeMadmztjRjJaGv4y1ia5sTmUHA9fevKvEnjXw94Mhub3V5ooDGu9mcjnaB/RhXa6wxuLIKzn950z714X+0T+y5dfF6K7t2u2ghuk2MqyAHBRV9f9kVjXxfNpE9HCwjSfMz0X4NftneC/FOoy2Wj6wjTQMQFDjAIbA6GvXbv9o2GPTWjll3yxqcPnO0Dr1Ir4B+FX/BM62+FeqzXuk6jePeyuzOrA4+Zt5wS5H3hXo+q/AfxKsCxy3UiAxlTtILdD/nio+u1IJKLJnRoVHzTR3/xQ/bt8JrrjaJe61umkbZs3jk7Q3976UvgPxPZvr6GxnWZZRksvTk5r5Zb/AIJjx+KvH51q9vroTht2JdygnYE/56DsK+o/g38Ak+G915qStK4TYd5G3G7PHNZ1Kzlrc6IKChyns2n6iIvLfvtq/aa6k0rE5JHFYGBCqkkbQMdRTI3KSs2PlbkGiGIaOKtTT0Okl1YTHncfSsnXrgRQOw6hCc/QVmtdsGOB0NZviPX1t7SXdj5UJIIPpXoUqsp6XOKaSiz5P/4KIeOZm8KvZWYZnkKnGf7rn8+lfMPw38Ef8Kx8FWmlXI2SDcmB2O9m/ka9o/bk1b/hJ/EBit2RW3OCAR13ZHNeY3V0946zXBEsisW4781/XngfkrjReJqLfY/lrxhzT2taNCD2DA7DjtQQQeMjFHXJx1NKOG/Cv6BUnCTifh9WklPmQoGBRRRUp3dzMKKKKsApH+6aWkf7pqGAyT/VD6j+de1fBP8A5JhpX+43/obV4rJ/qh9R/Ovavgn/AMkw0r/cb/0Nq4cf0NsD1PN/ix/yVfU/9yP/ANFpWFJ9wfSt34sf8lX1P/cj/wDRaVhSfdH0rtwpDEpP4PwpaT+D8Kf2jKQtFFFay3CIUGiipZQneg9/ajOPejsaqKajqZyqXdhQpdgucZOM+lavw5vG0jx3ZyMwCtNGeuMfvAaySeuOvao7a6eLUoJUJ3Qup59jmvHzrD+3wc6Nr3R6+U1lQxNOrtZo+/PhZ4hjvtJt2V8nyxxnP8Ir0nQZDOBk8detfNn7M/igap4ejffllCjaO3yKf8a9x0LXHmkBhw/Hfiv4Q4tyt4bGTi11P7d4dzGGIwkJQd1Y7W8l8uPqFB77ulY87vPLs85dvXrnioLzV/3Oc8j16V5T8Z/jpbfD7S3vVguJHiB3RxLv3fKT3I7ivzqVHlldH2WG95XWh69dajb+SI1ZWkUZzu9K5fxj8XNM8M2Mk2rXVvZ264LM6ksB6ggc9vrmviH4kf8ABU6wFlNY6XpWtjWG+VQ9qFUnIyM7ye/pXgHiL4V/Gz9p+/fU7mK5gtr75VgjiPzYATn92O69ifxr0KOUVq3vJaM2WNpJ8r1aP0s8Oftn/DXUdQktovFVpDcR8YYTKC2cf3BXTzftDeF4raS7u/EWltBHnDlJOmCcjj2r8m9N/wCCYvxKvIpJj4YvrWSLJ+0ItwWkxznBXFP1H/gm58XJbIOljqk1vGvKvHMuc+mE5716UOF2ldG6xt1pTP030T9rTwH4w1d47LxLp906kYQ78Dg+q+1el6D43i13SvNg8qVOcFCCnBxxX4vWX/BNz4rWm9rTRdQsWzzMFnH6MpHf0rs/AX7TXxk/ZCh/s7XEvdWsXJSFGgG5WJ3Z4jB+6PWuepw3UhfkMquMprWULH67wa/byyjzEIIPrwfxqzLqJlGFYKmM4zmviz9lb9t3WvjMqR3+gXdizY+Z4WC/dQ5z9WNfTg8TNBEFznPXB6V87VpOE3Te6BTjUhzo6mfX1t+CRkcdelcZ428ThoLjLDbscEbvanatr8UNgZM7pMH5fxrzH4peM20zRJ512oxQ4yfVGJ/pXvZHgJ4jERpRV7tHkZjiYYehOrPZI+bPjx44i1H4nXFitq+2OVxvwMHBFc7DHvnCjGOpxyBV/wAV3x1LxRPeMS7SsxY+hqiWwSoO5n7/AN2v9BeA8u+oZXGhb3rf8Mfw7xlmKxWPnVi/duPI2k85xSA5agEAdaUc9819lOCav1PjvbczsHPtSjmkx9aWsoxa3AKKKKoApH+6aWkf7pqGAyT/AFQ+o/nXtXwT/wCSYaV/uN/6G1eKTHENe2fBYY+Gelj0Vx/5EauHH9DfArc81+LYz8VdT/3Iv/RaVgldq9McVv8AxY/5Kvqf+5H/AOi0rCk+4PpXbhdjNiUn8H4UtIBlafUykLRScg0taSdwiFFFFIoMUhApaaxppXYpOy0AnINNFqdrDH3gQOR6U5RuBydoPGTUqzrEV6OF/WplGPM7ijOShpujv/2evicfB2sG3uJQsbsV4BPBCr2r648O67FJp4mtW3xY446ckV8B4kWdZYxsZTkEfUH+le7fs3/Hu6ttmk6i3mHBBZ888s3r6cV+BeKHBEa9J4yifu/hrxoqbWErvfY+nTqgvrMhGBYD0PFctd+FrXWpXF/aR3KE8oyqwP4HNamn3cNrgxHf5nYcgVLqTqsgliyr47V/KWPoSpNpLY/pbCV1KHMtjynxn+yR4Q8cXj3FtpOnaffrllcWsSkElT1CD09a5s2njf4A39pJYWcWp2Ubll2vEMnGful89WPavbluJ7nohds5zjrVLWfC17f2u8xMSPu47ZAFc8MxrU4qx7GBp07XkYuh/wDBSe903T3tdR8MxpNGuCViQ54/2VNRw/8ABTK1bKHw+jMi8IYgN3/jmKx9f+F80jyPJEct1Nc2fgWby8EscJLxH72Of5Vt/rFidrnuU6dBL4Sr8Sv25/HHxEunt9D8Nw2kEnG8eShIAU+qnqDXAP8ADvVviFqkMniDT4yyOHXd5cnOe4BP617PpvgqfS08plYsvQ5wf5Vr2mg3AKou5Jc/McDJ/GspZ1iZnHiqcHojD+H3g6LwdYwRG0srUKqgGKGNTwoHO3nrXeW+twfY/KjyWbgk5/rWbqOhNZQrJLM5YD1zVG1vBcSBVc5Xue2K4o0HUqqc+p58pqlE2tQure1P72QHgnGDnH5V4D+0J8R4JpJLO2kzg4xtYHq/qPcfnXT/ABy+LB8L2DW8QBmfIDKTuGVB9a+edVuW1PUWuryR3aUkqGPTJzX9G+FPhvOc1jq60ex/P/ib4gKhTeFo76ohSJobUPKWPHU0kWSN5HynvUxLSDDHI7CgrmPb0Ff1Xh6EKNkuh/MGIrupJ36iZNKOvvQBmjGDWlVamEKaQDqaWgUU47WLYUUUU2wCkf7ppaRhlTUMBrfcH1r2n4Kf8kv0n/rmf/QjXi0nyJ9K9q+Cox8MdKHojj8nYVxY/obYLS55t8WP+Sr6n/uR/wDotKwpPuD6VvfFoY+K+pg90j/9FpWC45GO36V14eUVtqTYTNIOgpLcNc3YAPnBeMj+E07TbG81zVTbadY3OpScfKhUDJBI6kccH8quc4U/eqOwnSkxCelLnFa9r8JPG0t3DaL4Yv3u53CrymDu6D71ei6b/wAE+/i7eaTHfw+Gcx3ABAdB0PTpJXl4jPsBR+OrH7yVTmuh5HSZXs6k+gNfTnww/wCCQ/xR8dSrLqUcOlxSDPC4B5x7/wA67TWf+CIPim1gla11cPKozgsR/wCyivJlxvlEZ8kqy+8fJPsfGFMkcRjLEKPUnAr7S+HX/BE3xbrs1xHqusyW0eG2mOQAk9uqMK9N+G//AAQQ0mG8La94i1q5hB5iW4h+b5enNueMmvPx3iJktGLtVu/JHTQwVaq7Rifm1JeJJEwjdJXGBtT5j+lXING1BbcSHS9TWMjPmNaybfrnbiv2b+Gv/BIn4ReBAuNGa9njP+suFt3xyf8ApiPWvRfFv7H3g3XPBV3oq6JDbxy28sMeyOMcshXrt96+VqeMGDjLljByR1zyTE2Ukj8Epbea4JeN8Kn3uen9fzrpPhj4en8U6skdqziZf48HB4Yda9r/AGtv2Krr4C/Gi7hZZF0e8kd1BK4JaUoOijsBV34XfDSDwiENsSWUYzx0+b/EV4PF/ifQr4F0KS3/AK2P07gXgWpUxMMTPQ1PBPjLV/h9Itreo9wemduR+ZFdvafEK3vpFz95xzwK0bXwxp/iO1Ecp/f8YHTFclqngKbQLp2RcLvJGMdPWv5exWYRqNvuf1RhsIoxUUj07w/dwSxK6beegJFa/wDa0fkYJj4PTIrxaXXr/TYQ0S844P8Ak1j3PxO1O2mdpULAAc4P+NeDWqcz3PYwkI22Pdbu6tJYyZBHnpjOaoW1xa2aO0e0Dp1xXhc/xtnD42tn8f8AGodR+M01vEhIKs2Tj1rz3Dm1PbpQSiez6rd28P78iIk9CWFZT64J2LojDHXCnn9K8iT42TaiAnl7z64PP61fm+Jl/f2KQ20ZgYMeefmz+Nd+HSVrnm45P7J3eva/AY2M7ooA/iOCK4XxP8QILW3mis4ZDM/yqyocD1OeRUUHh/VvEzh7ot5Z685/rW+fBlpYaS4XO4LkjpnivWhi6UakWuh586Up0mnufNXivQtc8ZavLdFJpIUKsCF3Y4wegrAvoZNNby76No9p2qWBAz9cV9L/AAYvft2t32hx24dpEVRlRzuckfzFe6Wv/BOay+NXg957i2miuhIZEIKEr8owfuH1H51/YPBPGWGo5bCM2ktD+LPETJ6scznKWup+eyc85B9wetOzX1X8Rf8Agk74r8P5bRprh8DOHdSSR9FFeOeLf2Mvif4KmdZNAe9UHjCghvx3Cv1DDcR5diEnGqj84lQmnaSPNjQGBqXVdIvfC8mNS0q9siG2sXdCqnr2zVYTx3Ue6K43kchAeR/9eva+tUqy/cyT+YqnJBXbJMilyKasNw6B/JfBHU8k/WmosqMchfowzV8jSuStVdEmaTNGHb5nUKfbpR/Khxk3ZITdgzQSMHmgDNDdKlRlezFzCS4Ke1e0/BU5+GGknuY2J/77avFJPuj6ivafgl/yS7Sf+ubf+htXFmCaSOjDJq7POPi4wHxS1GWQ+RGUjwZfkP8Aq09a5yC6OpuotYbu7+cKRbwNL3A6Ln1r9OtP/wCCFNlr3j06tr3iS5vICYyY9zAsANpHOfQflX0f8J/+Cbnw0+GFnELfQbe8niYEyTQxPkgKc8pnrX5ti/FrLsLG2FXOz0HkuKqKyVkfkb8IP2Efid8ffJh03QLzTbC7Al8+6t5IQy8HOGXGTn17V+mf7F3/AATrt/2bfBYS5t7a+1WRU3tIRhArykDkntLjGBjaPoPqvw54L0vw9bx29jZ29osICokaBQgx0rYWFIn2swPFflHEviVjc1k4w92Pke/l+SuC9/U4Hwn8O7bQpkiubK0mmV94lMYLDnp06V2EehrAm1I4/LwMDaAAMAVrPpkcqbwFJxg06O3McVfCVMZOo7yd2e5LK4JbGQ+krERtwgHYKOacmihs/Iqlv4sVofZy30qWKE45rB12Zwy2D3Rkx+GQ2V3EDO7K4rRhsjDFsPIxjJHNXoYMDIxQ6lflP1rGdZyPWw2XwjDRFFbRSdhPy9SOlNntMqQyqAo+Xvmr3lKrbscinXMHnRArjkVMKjRX1WTjc8L/AGxfgPZfFzwS5NnG95CVZWJK8As3UH1I/KvgybwM+i3EkRVftCHDKST15AyeTwa/Vy8tYryyeGUKysuDnH0HX618I/te/DA/Dz4nz3ESH7G7AgDHGI4/65rhzOLq0Wj9A4IzH2NXkkeEab5NhcCZ3ZHz6Vo3morrceGGdhwDjrVu+8OLq04EZCrn8qoReHprCVwOV3kda/MasnBOx+85e+azkYmqWDRROwjUqOMVxXiC4jaWRZIuAB0FetzaaJ4trqASOa5Lxb4RjEjMuema8yeMqJ6HsUqNNPc8tl8PDUJy8EKFc5wwxVu20K3dwtxDHx0weldJDpflSlAAKfL4UWWIneSx7CsJYypc9NUqfLe5zkHgOG7vcwRJsb9K6rTfh9EMEo4ZeQdvU1f8K+E5opAQMj3r0PTNIEi7JQo2ckYxXdQxlS17HmV4K+hy2iaQRb+WwZUH+zXMeLVbTpn2EkZPXjrxXqWrmKwiYKB0xjFctqejQaxE3nDanOWx93Az6V3U8em02jy+eak+bY8B+F2m69c/tn6PbaSkjW9xd2gmwPlA2ZPb1r9rfg/4LXRvB9gJEAeS0j8wFerFVz/6D+tfBH/BM/4T2nxB+PNxq7WqPFpz28gdgMkrIyEfoK/TSztlgtxGFCrEdqgd6/VMuzFvBRgmfzrx3RVbHySMHUPB1pKdxjXIH8Ixn8qzJfD9og2m1hbHTcgP86626UyDHY9ayru2AY8cV6VLEye8mfmeKwNPseY/EH9n7wp8QtMmtNS0e2nWcFSfmUjK46KR618l/HT/AIIi+GvGF9PqPhu+k0yaV2cR+WWQbmLYy0hwBkDp2/Cvvw6R57ggZx7mrT2WbfYQK9/AcT47BNPC1H89fzPNrZPRrLU/GT4k/wDBHr4leCZZ5rGT+0Y1yUWP5iwGBwFB/lXi3i/9kv4p/D/zpNR8Ja0baPJMqWNwQcD/AK54x71++xsULbHYKo6DGf8APSq+q+BdL8SafJBeWdneQOCrb4VOQevUV93l3i7mNC0cRBSR49Th6UW3B6H86Vx5mnXLRXkE1lKmQ0dxGY3BBx0bt709GEnKsrAf3TnFft98Wf8Agm38MvitLJPdaNFbXLIVEkCIuP8Axz196+WvjD/wQmtBM9z4U1qaMl+IXJbOSOOw9a/Q8s8WsrxNoV/cZ59XKMRHVK6PzkkkWI4+ZiOoVen1pVO9Dxg9hX0F8QP+CWnxa8AWr3P2WO5t41JZlWME8A9TJXgniTRrnwnq0unajGba5U4bJ7529vevvMuz3BY1f7JUUjzatGpT+JFZ1LDacg9ele2fBOLHwv0nn/lm3/obV4p9ma0cKzh2YZByele2/BT/AJJhpP8A1zP/AKEa2x7qWV0b4ereOh+9cw+bApFi8w/MNwHbir8lsN+M/pSx2gB6/pX8IurpoftKwkr6or/Y2YDBdR6Ajiia3K888d6vqAvGAajnIJ6dajnbOp4RKNypHlnHOabcjc2RyKsYCcgVDInHXqadjkqPoQ8OeOang4YZ4qNIdjZzn8KmiTc2c9KBUU7ofL0H1qGTlsdsVNJ0H1qKT734U4mlTcb5IUbgT60i3JDZ4qRRlB6YpfLX0FNoUJOIxp/NHqR0PpXjP7ZXw2bx58O2eDme2AwVbrmWPt9FP5fSvZpYxtPAx3qmNAtdQt5YZsst0VGP901nVp88HFnoZXivY4pTZ+a+k+Hri2Cyd1Yg9e1ak0SK6PIucjrXY/Ei6sPh38SZ9DlgbNyFC845bJ6AH09qivfDVvqEYEYAABAGOfyr88zTBOFR2R/Q+V5pGrSUkjzjxVYJeRBoRhl6VwmoR3Mdy6Mis20cYr2HWvB8tvG3lA5/3etcpqvhVkLSOCHPXjoa+Ur0pxl7p9Pha0JLmscBJpxljZ5BsI/u8CqtnewwS4dmKg8ZOK7VvCr3znKHb69qjl+HVvcN3V/QKf8AGsOWf2j0vbR5bId4c8Q2KwqoYAgdCwrdsWALOpYhxjqKw7f4ZSWfzhmKnpwf8a1bW28o+Wc7l96tc+1zjqVFuYviiTbdkjB+ozWH4i1N7TS3VURnIAxj3/8Ar11l34cOp3WMEZ74zVLxB4FlkKLGu52Iwu372CK9PC0XOrBW0OKtWhGhObPsv/gnF8LYfAXwoe/jRxNfh1f0UCdz/Wvo/wA078H7u0HPua4D9m7Qrjw/8IbC2lQx/wCs7YxmQ4rvjbMFVmbAwAPev1nDU4wpqMT+Z88qSq4qcyB485BHBqD7IvrV9IgxOefwpfs49vyrrU2lY+bqUFLVmeYRGcdjUgQrGOKllQBhwKcADGOKE7GHsUV1QSHrzUggwBQY9kmRTkl3k8Yx70+ZvcPYohexWTrnHekWySPPPX1q1JGSh5x+FVwTuweaFJrYPZLsVtQsfMUFZCv+znAf2r40/b3/AOCYuk/tK6fNqukvJYa3DHuRYwNkjKJWXOQx5Zh09a+0r2y87y3LY8sk4x17VlauyWsLSFiCoJwOAa9nJs1xGBrKvhpWkjyMywUKq5Gtz+fL40/s4eLP2a9UuNM8SaReJBbymGK6jjk8plVtoyzKBng9K774Hxxz/C3SWS5ttpjbhn5HztX6jftJfD/TPjLa3uk6ppVlLDNkee0aeZuBJHO0EcnPXtXyJb/8E0Nd0aFbbTLqRrKL/VkR4BycnH731Jr+gsDx1HEYCH1pWmt33PAjwviaevRn61tuWfLHKj2qRM5z2NY3hjxSniaFySEdccd+a17aHyiQSCTziv5ecbbn6xOnYmkAU8elQy8n6VKo3LkDg1FMdp5pRIq35bIgaQl8c4oOD70ksTPJkDjFIq7SQc1qjypQlcXaDUqKFHFRBSsq5GKlKYqObU1p02tRJOg+tMKBjzSupMpIHajGO2KadhTTuAGBSOCV+U4NBcdKFG5eBkU+YgjIYD5jk9qkeHyzvGAAPl9qdHExbgcfXpUk8PnRccnvUuep0Qpy5XKx88fte/A6y13yPEEVjZrfRMD9p8seaMJx83Xua8QtbeaIKpkbeAMnPXNfaPxT0kat4HulbPyRsePqK+RJ7UQ6vcwHBeGZkK5BIIJB/WvDzSkpSvY/V+EMdelyS3KTwSSj5vn9yap6p4djvYDujRc9/Wuw02SCNAWAI+tQ6rELi7k8r5flr5mvg4t3R97TxMo+6jzC+8JNayEq3HoKpjR5PNAUAnvXoV3opkfMh4+oqtLp8VmMnkntXmVcMlrY9Cni5bM5eHRZYYVZz8p6D0qvceH4lO4hEI56V0d5I1wcKu0DofWsx7bLqMFiDziuX6vqN1ZN7mbZ6f5d1lQGVea6D4caG3jf4j6dZxxKQC+7P+6SP1Aqje3i6fJIyKSBE2TjgHFekf8ABP7w2/iPxxqOqOu6O0ki2N2IeKUV7eUUFKsjwc+xro4ad9D7AsNMWw0q1twoCIo4HHPX+dSeXthwxzuPH0qyoGwY6fShuh/Ov0CLtZH4NWvUk3crxADOOlDzhGIweKZO5jBIzhqreec9sVq9zypScdyeVlKkkHiojcDAA9aFHAOOnU0yYFiSOR/9erMOYlx5o44NMH7knJ606JjFEvHOKRm+04B60FpXVyaOUTLUSopc8dKljh8i22470zeucd6AasJPxCSenSuZ1O6a5hlXAC4YHIro76YxwKP72aw9WdY4GAU9CTXTho+8XQoqdVXR474xsmHiGVlckb34/wCBVu+H5Xi0iFUZgoHTPvVXxPpL3WrvMxIHIAq7oems2lQ7X4Ax+tfYOUPYxR97jMPSlRgoo6LULGbw94nje3nEcbsA2GxnAIr0TS5/tlisgI3soHXrkA9fxrz34heDb7UpI5rGQDyufmPOa7DwWjSaFGkgfKcHHsiCvj8XJSin1PIxNFReh0MIMcIB6qOaRwH7d6WKRfJXhunemynGMcZrzjhmrbCeUPb8qYLfa2QR+VPQkt1zTqDLlQwnDduKcMMhOOlBQE5pQMLjtQHKiCQbefWo5fl5qSX7zDsOlRyozng8VabOeok3qRZ61LbnCZxn2qMwtyOOamgj2pg81RhBe9cnXhSMdaVY9sJOc9aYsmG+bpU2Q6FQMVhUbR61N3iZ+qaZ/aOnSW5OPMUrnHrXx7488PHw/wCP9SQrtaWeWQA+hkYf0r7PfcuDnOf1r5l/bB0WTQPE9rqMUEjQyKiOY03HLSSdaidFVYtdT6PhnEqjirM80aV7IujEEA9cVp2s8d1JuBGSoWuffUU1LTWuCVCkA4JwR25985qXS7k211jd8or5yvS5JuLP1yU3USlFGjrtnJgFOMViTWb78yg8fd9q2r7VNyY4bjoKyJ9QMiHKOSOm0Zriq0Is6YUpfFIrXIXGBgYHWqFxuSNvLIGR0AxU0rtO527lHoRgiq1zI1rbzO7BEhQs4Pce3vXm1YStZFpuTtExPG1++naZbwowZ7p1XHfk4x719f8A7E/wu/4QP4aLLt2NqEURPy4I27x/Wvi7wbrdt8SvjHYaTDucRybgrAADbKB2OelfpR4P0UeHvDdlZgAeWpUgdOpr6LI8A4Q55nwnHeMcFGja1zT9cnmjHb8KeVGMkcnmmDrX0p+YU6dncrTfKv41XkARQSATVqUBgaqshdevFaI8bE/Ex0MZK/WnvbgAd+akgXIPtxT2AIqrkxo6XZXcBUA4JqOGPMuc4x2pQrNO2OgNTpEq8/xHrzQm2JKwkr5Sqbtl+MjFXnjDLiqYjWScoPvU15kyg2yC7aSRowoyuefaq2qmNRtON5GK10QW0WSASK5W7uhfa9t3E4xx+NdNDc9PLqfvJs5HxdAULMflXk9Pas3QrmP+y4syZ4PT61v/ABVtPK09hkqvAAHXk/4Zrg/DVlO2jQkedgg9Fz3r6fBxUqfMfWwu42PoFYWjtCrLubHfpT9MuHSHasYHPYYp18r71ycITzxVHTdTE948Yf5VUsMH0NfH/FG6PDxE5N3NWJwZOeDViRCyggZGBVO3+8ST+dXQ/wAmPbFZyOSE+d2QxFw3TFPpQmSOaY0mM8dKgU9HZjqGUhTTPO5UY+971K6kqaAXcrS/6z8aavf61JJHl+tMK7Djr3qo7nJUi27oBwaUkFeOtNz8ucd8UoHQVY6cWr3EHDVbHQfSqwj56/pU8UgfA6VE9TootKeo4kKOn51x/wAXfD8Gu+HZ4J4Uk3q2CQD1UjvXXyRkjIqnrNkL2xdXyOOtLDTtUvLY9PB1uSspM+K/iX8J7zwTbzX0LM9tuyyAgkAnjjJNcd4c8UDWbVZljMYkJXlSMbTjuK+o/G3geDV73yJpp3jBIKHBDcg88V478VvhPbeF717uwhkjBwPLVBsAAB4GPevQzHKadSCqU1qfr+X5jBwjGW5x8k0xYHqKd5lxMweMAovDGmxMJYQCT5g4OT0pvmvZQszSCOIfeJ4zXw9TCyVX2bR9Epe0aikNurkaepuLpljA7Z+g6Dn0rxH4rfF+51TzrXTyw8lf3xGRlSu3/OKsfGn4l3GqagdN091ZGOwsM7uit17dK8j8U+J38HeVFCEmvLltqrJ83mEjIX1r6fBZBHl9rU0R9vkWTqm/b1Fsj6A/4JXeB77x98ZNY13UYZcW95dwoWOVBxG/82/Wv1BiDKRuxx6V84f8E4fAq6N8E7PUJLOG1udTjhunCoRlpLeIt19/5V9JAbVOTzk4Fa1owg+WGx/OvH2Z/Ws0nyrSLsSA5oJxVaWYxvjr+NJHKXTPNZJX2PgpVotMS75jP1qsDg/gKlmcnIxnOPwpgh3AEqatbHmVfeehJG+xSM89qZJcYGKkkgEaZzmq/l+e5OcYqjOfOkJGS75NWQwC49qhSDY2c0/PzUIUbJXe4sAHANNFsXvTgcCnQDdhvrUgGyTd1yOlK62OmjBct2VdUkEELv0CDNcRoIkv/E5k5Krxn33V1HjO4NtotwQcZT196wvh0f8AR5G4JZmFehh1ak5nZl6tN2Mj4xpLO6pDhiTgnrj5s/4VZ8DeEWt/Ctok8IEqphhx1zV7V7SO51lFYEB23nv3FdStkIBtC8DpWrxbhTUEe5RquLdyDU9bjNs6b8sB1xXGWviePQdeWOVyfNcIPxpNb11I7+Uu7RnH3R0OeleHfEDxdc3XxU0xI7maO3EsG4BsDiVs12YTAXg3Y76GXupF2Wx9YTXSm3SWPhHAIqxp1z58WT+FZehqupeELIK5OYFKtzzxmofDWrqdTks2kLtEcA+55xXgOm9fI+U5JU67idIjEke/NRP3qSLkg1G/esluTVvfUbGMyDPbpUxc465qFeGz2xVmT7hoRa+ArSMfMIzTSeeTUrnKion+9/n3pxMvs3E4xjt1oLY78ikZxyP6U+CQDjODVmcal3YdIQq5HXFNt23nOOamC5Bz36UIuxcVmzTkfNzXHK53DmkvQZLdweflP8qbb9D6f/WqLVCYraRo13NtIHp0xzWaV2d0L3TR554hsWXV3f8AhGT+NZHjOztLrT9kqKxf1/X+VfOP7UH7WmofCj4//wBnXM8kVjM9wyIrNghduBgHHU/rXOar/wAFN/D15arYw7Zbtflzhio/z9a+sw0eaK5j9gy3hXM8TRp16MbpnT/FrwXeeFFk1GFR5AJY4/3C3+FfMPx2+Nt7rE8dnZzNbqkZ83Cr97PXp6fyq/8AEr9tPxF4lS8jMsEdmyyFABJwCCB/GRXhPjnxMnijT5JIZAJC6iSSIkMp3E45qcTl9FNVEj9r4U4VrUUpYxamjp3xXm0vUBBIA75/1mASxP4Vr/AzQ3+Nn7SXh/THXzktrq3nbsAC2O3Xisi6u/Dei+DXnu3T7ZAuS7cu5L9+OeCK9e/4IxeG5fih8f8AU/EH2XZYQWixxuSPvR3EfHrXHiqko+7HY+i4rxUMtyqtU2dtPu0P1Y+E/hmHwf4K0vT4EEa2tpDFtA4G1AK6eT5jk9elRJbiDAHULj+dOVMpuFePUkpO5/CWMxM6tadSWt2MuRyD70J8oIHShkKjJGM0L1zSgrI86Ssm2Cx5JIxk07G3g9aA21SD3qGV2Awp6dqoTjGKG3VzhCKrw3O5sLxnk1IIXzyTjvTvJ2cjJoOSTbHqcqPpTGnCsR6GnKfLUk8c1GDvbA5JPFVEiRPacofYmpWGVHqKSHpTZx0/3hWSXvHbD4Dkfitq40/R9h/5ahh9cYNM+H1o1voLTHoSxHtxXP8Axdv/ALR4ls7cOCqORtPQHbmum8MTCz0Iq3CbSf0r2ORrDpLqdlKNocyKguReeJo07AH+YrrE1lHXJ47V59p3iKzstflkllDOu5QCDxV6HxTDOgYPwfTtTq4SUrXR7WHwdSUFI5L4iOLC+mMm4uFBXHTivnn4gX89j4rguWLFI2DD1+V3Ne8+M7iLS737PfTiSVhjIPFeUfELQrc3LzM3ygEqew6n+tfU5c/3bufZ5bVjCm0z6e+CGtf2x8K9HuMgk2UROW/2M1x/xA8TTfDjxDHfksEkLlznAwqoP13/AKVpfsua1Dqnw9hgQfJbxxRL9AlYn7Wejzah4KuJom2mFG/Nmj/wFfLU6a+sypPqfAZhCSxlktz2fQdYi1vTYp4JUlVhyysCMipzyTXhP7FXxNk1zwvJpl05M0Esr885G5QK93IKnkYz0rzcTh3RqODOXF0JQaciMOSOFyD708nj7+fanQL8jD+70qNVAAOOa5ZNqxCStZCDPmdDj1ocDd1zxVhFBhGfSq2MGtImNVWhoNZDyc1GshB5GPepqjmO6OrOTmUWWbZvMXrTgc+lVbV9hPt0qzuULjBrN7nXRnGS1CL5Ac8ZpJgZY3XoCDzTivnEelKWVBt/Cs07anTBu6sfmX/wVg+F7/8AC4PD9+jugaC8LMRhQWaPGa+R5Bf/AA+t7dbIpcXiM+I1bcx7j8MGv0t/4Kn+FobvwDHqTJma2VUB7DfNGP5V+aPxRKaRqCyhmS5T5iykgY2rjtX0uFnzU0kf2L4U46eJyuCl00+45q6/aQ8R6k0sEujyXUJYxboo2cAg4I4HWsPXPiHJfpFJb2kll5Kfv4ZlZGZhz0PXp+tfRX7POkaD4f8ADVzDNaQ3l7LE11llB2k7SOo6/MayvHv7LV340trzVhHBY/apQ0apGo+VuD/F/nNd8surYhWi9j9AlmsIYjkqRtY+d9G0TUP2mLyGzsHaCSbevlKx3EhCcY4z9z9a/bb/AIJ0fsu237O3wctbTyfLu5pJZJCcgkOyse/PSvzs/wCCff7D9xD8c7C7+2yvBZuxYAcfNBMOzeoH5V+yWhWiadpsEAGDGgXPr0ryczg6EfZdT8D8auKXWcMBQlo9/kXvL+Yk85/SmMuxNntUtMm6H1rwo7n86yslchnH7se1Qs5I4FSXDk7RnvTY4yrgnGK1icNWXNoRPuyOtCZx71ZIz+FRsg39OtUjGpsMUhu9K67QT6VHbdW+tSyjK/WmkZK19SGZv3QJ4B/So7V98uR2/Wi/bEGB0pljEQ3HQVSRnKV5JRL8J+TP4UlyCMj8c04ALApHd8frVPWtQFhbSSvyqHH9P6msoJuaij1FBKB4n8SZ5NT+JcAgkDRpIpJz/sCuxbUWs9EZQCQI+WB4HFee+Drn/hJfFrT5yPkPPryDXX+K7g6b4Xm52gqw4+lfVukko02dWGV2o9Dz3V9QL61K6uzfMxOO1begeIxJpELFSSR6e9cZLOUhd8ncw3E/nW/4T1JDoMAJAwCOnvXrVIRstD9MwVFKgrljVfD0XizxK+o3iSoU2lVccjj3rzj4pzR6XBI7ktBghVU/OcnjrxXsnjcfZ/EEka4CkoOgr5i/ag1e40y7jWGRlGY+PxNThNrnLlT9pJpnvn7CXjAag15ZAHy/MO3PYCM9cV6l8dNKa88M3CgfNKoA59GWvl7/AIJna3c3fjzV45JCyrNJgen7qvq/4qTM+nFTjGDx+K185U/5GKPmM8j7LMFJHzl+zZdNpHxDEcPyRtLGrKfXzVz+gNfXli4axQgYyB/SvjXwddvpvxEj8k7MzIeP9+vrbwTfy3PhS2kdtzFF5/4CKWfL30yM21gpG1CpWAgjBNNPIos5DLbqzHJOf50fwivBR4BKn+pH0NQy/KSewqaP/Uj6GoZ+jU47jxfQYHBP/wBamyOPu96F6imyf68VZwSAqWYY7U5y4Y4HFLH1NOpsaEthlT296ljmYAs55HSorYcN9akAzIo7E1nL4juVRvQ8U/bp8Gr4s+Cd+Cjuy+SyhR6XEZ/kK/Kya0t/E+nqt2koyzJjbjGDxX7A/tFIJPhxqSsAVEYIBGf41r8V7jxVeW2oTxo0YRZGA+QccmvYwjl7NNH9Q+C8qlTBzp30TN3QdAg8GalLNZSsxdAgBwNozmofif488U332CG0uZAqRrGY0OWb5yf7vb+tcR418a6jYpujmAOO65rl/B3xM1fW/Htja3E6PC8iAjyxn76jrXuZfKftdz9qxWHhZ1GtUmfrD/wSn+Eur+FfAq6jrcDpdXKDJdSCNsso54A6Yr7OQ5yflxjt1ryv9lrSINM+E1mIVKjbJ15/5bPXqUMYWMP/ABN1r5jO68p4tp9D+IeMsbLEZxWcuja+5j2OzkAU2Vy0Zzxj/CnSdB9aguDgV58T5SQ0Tkvs/Cp4xtjx3qC3AMgPfFT1RjIai4iA71DczbSfQVYqpddG/Crjsc1YLdSucjGTmpJVDEZ7H/Gmk4j/AAqC6kKQkgnNUmYR3ILpjNKV64NXLGAJEQRWdZsXYEnJP+IrVtvuGqZOGX7xEm8Rrsz6GuM+NevxaL4Ukd3ZNzLyvXGcV2LjM5+leDftg6pPbxwRpIyoUYkA/wDTRa1wa/fxPRqfGhnwS0hrfRhJJgOVO4Dt8xrofiJcNc6IbSJgjux5PuMVD4AUR6VLtAHXp/vGsv4g3Txyphj94fzr6equetZ9D0sP/FRy/inRH8NeF1ndkdlKKwUnPJqt4LEU3hm0IO0bSAD25NbHjQm48K4f5hx19ga5HwNdOPCdjz1jz+pr0X8CP07BfwEf/9k=','',1);